image,detect_time,read_time,n_boxes
0,0.47119784355163574,0.030469179153442383,1
1,0.07225584983825684,0.012158870697021484,1
2,0.07173848152160645,0.10393095016479492,2
3,0.08397650718688965,0.0228271484375,1
4,0.07571816444396973,0.05053210258483887,1
5,0.1139824390411377,0.03703117370605469,1
6,0.07590603828430176,0.0224456787109375,1
7,0.0735476016998291,0.02149200439453125,1
8,0.07330060005187988,0.028678178787231445,1
9,0.07299995422363281,0.028679370880126953,1
10,0.07317209243774414,0.021935462951660156,1
11,0.07140302658081055,0.03726339340209961,1
12,0.08484601974487305,0.023436546325683594,1
13,0.07444190979003906,0.030656814575195312,1
14,0.07387900352478027,0.02205801010131836,1
15,0.06903648376464844,0.07270526885986328,1
16,0.07207250595092773,0.08221101760864258,1
17,0.07471609115600586,0.021480560302734375,1
18,0.07477545738220215,0.05430269241333008,1
19,0.0765066146850586,0.021008729934692383,1
20,0.07292652130126953,0.030678987503051758,1
21,0.08590269088745117,0.032431602478027344,1
22,0.07607269287109375,0.0292360782623291,1
23,0.07475662231445312,0.012885570526123047,1
24,0.07309889793395996,0.013253927230834961,1
25,0.0719912052154541,0.0371248722076416,1
26,0.0799705982208252,0.03033161163330078,1
27,0.07700943946838379,0.021947145462036133,1
28,0.0715639591217041,0.024641990661621094,1
29,0.07513213157653809,0.022589921951293945,1
30,0.0735330581665039,0.0707707405090332,1
31,0.08256697654724121,0.043314218521118164,2
32,0.07088160514831543,0.021080732345581055,1
33,0.07275247573852539,0.02129197120666504,1
34,0.07587027549743652,0.021875619888305664,1
35,0.07431459426879883,0.012459278106689453,1
36,0.07041358947753906,0.030701160430908203,1
37,0.07974386215209961,0.06435561180114746,1
38,0.0731363296508789,0.02219080924987793,1
39,0.072723388671875,0.011967182159423828,1
40,0.06955194473266602,0.012278079986572266,1
41,0.07785701751708984,0.03916120529174805,1
42,0.07773518562316895,0.020603418350219727,1
43,0.07375097274780273,0.023530244827270508,1
44,0.07079315185546875,0.028431415557861328,1
45,0.06889104843139648,0.030443191528320312,2
46,0.07277345657348633,0.02113962173461914,1
47,0.0738077163696289,0.04666543006896973,2
48,0.070159912109375,0.020363807678222656,1
49,0.07269835472106934,0.02602362632751465,1
50,0.06898283958435059,0.026890039443969727,1
51,0.08153581619262695,0.014175176620483398,1
52,0.0704042911529541,0.027628183364868164,1
53,0.06881594657897949,0.019376039505004883,1
54,0.07082939147949219,0.030507802963256836,1
55,0.07135295867919922,0.02065896987915039,1
56,0.06968092918395996,0.021771669387817383,1
57,0.0738217830657959,0.03153681755065918,1
58,0.0715034008026123,0.022197246551513672,1
59,0.07382726669311523,0.02956700325012207,1
60,0.07127499580383301,0.02138972282409668,1
61,0.07271623611450195,0.02874279022216797,1
62,0.08157181739807129,0.042711734771728516,2
63,0.07484889030456543,0.05934643745422363,3
64,0.11628293991088867,0.03943991661071777,1
65,0.10794329643249512,0.07494449615478516,1
66,0.10562825202941895,0.06243753433227539,2
67,0.10207533836364746,0.05298638343811035,1
68,0.1100764274597168,0.03467535972595215,1
69,0.10580325126647949,0.037754058837890625,1
70,0.10030388832092285,0.03621053695678711,1
71,0.12028694152832031,0.03815484046936035,1
72,0.10300683975219727,0.029173612594604492,1
73,0.10815787315368652,0.015150785446166992,1
74,0.10840749740600586,0.028060197830200195,1
75,0.10412168502807617,0.014816761016845703,1
76,0.10651469230651855,0.030020713806152344,1
77,0.10886573791503906,0.03709769248962402,1
78,0.09901785850524902,0.04586505889892578,1
79,0.0996403694152832,0.04297780990600586,2
80,0.10675692558288574,0.0630183219909668,1
81,0.10852646827697754,0.028544902801513672,1
82,0.10394120216369629,0.02783513069152832,1
83,0.11181426048278809,0.03916192054748535,1
84,0.10587882995605469,0.03711986541748047,1
85,0.10735249519348145,0.04813218116760254,1
86,0.10614943504333496,0.02744770050048828,1
87,0.10725617408752441,0.03838205337524414,1
88,0.09858036041259766,0.013663530349731445,1
89,0.09720659255981445,0.027148723602294922,1
90,0.1042947769165039,0.038076162338256836,1
91,0.10923933982849121,0.22626733779907227,1
92,0.10900020599365234,0.0270843505859375,1
93,0.10282158851623535,0.0378725528717041,1
94,0.10048103332519531,0.036255598068237305,1
95,0.10452532768249512,0.016680240631103516,1
96,0.10227847099304199,0.040282249450683594,1
97,0.10044527053833008,0.031957387924194336,1
98,0.10429191589355469,0.037090301513671875,1
99,0.09767365455627441,0.04096055030822754,1
100,0.11062335968017578,0.037030935287475586,1
101,0.10612654685974121,0.026819705963134766,1
102,0.09854531288146973,0.041390180587768555,1
103,0.10205650329589844,0.03164243698120117,1
104,0.09756684303283691,0.02023172378540039,1
105,0.07443904876708984,0.11667227745056152,1
106,0.07126832008361816,0.027345895767211914,1
107,0.0719451904296875,0.021763324737548828,1
108,0.07156825065612793,0.15409302711486816,2
109,0.07315516471862793,0.028739452362060547,1
110,0.07267951965332031,0.02869415283203125,1
111,0.07235455513000488,0.021500110626220703,1
112,0.07050824165344238,0.02120494842529297,1
113,0.07168769836425781,0.020769357681274414,1
114,0.0783388614654541,0.011641979217529297,1
115,0.07059097290039062,0.021237611770629883,1
116,0.0727701187133789,0.028973817825317383,1
117,0.07247519493103027,0.07393288612365723,1
118,0.07497549057006836,0.03026604652404785,1
119,0.07156038284301758,0.021082639694213867,1
120,0.07365083694458008,0.01275944709777832,1
121,0.0761110782623291,0.022355318069458008,1
122,0.07417678833007812,0.08052802085876465,1
123,0.08433842658996582,0.029431581497192383,1
124,0.07097792625427246,0.012131929397583008,1
125,0.07267880439758301,0.03510880470275879,1
126,0.07553219795227051,0.02141594886779785,1
127,0.07407212257385254,0.031736135482788086,1
128,0.07408857345581055,0.011935949325561523,1
129,0.07343649864196777,0.029742002487182617,1
130,0.07558655738830566,0.028824329376220703,1
131,0.07636332511901855,0.02221226692199707,1
132,0.07212424278259277,0.022719383239746094,1
133,0.07350707054138184,0.03533458709716797,1
134,0.07396197319030762,0.031083106994628906,1
135,0.07509207725524902,0.021132469177246094,1
136,0.0767064094543457,0.0502011775970459,2
137,0.07385754585266113,0.02341175079345703,1
138,0.07629752159118652,0.029374361038208008,1
139,0.07348918914794922,0.02975773811340332,1
140,0.07056927680969238,0.03404545783996582,1
141,0.07059955596923828,0.020896196365356445,1
142,0.06980466842651367,0.03531670570373535,1
143,0.06946825981140137,0.035195350646972656,1
144,0.07109880447387695,0.02861642837524414,1
145,0.07201027870178223,0.06645965576171875,1
146,0.07274389266967773,0.01298069953918457,1
147,0.07396864891052246,0.030543804168701172,1
148,0.07189297676086426,0.02792644500732422,1
149,0.07521486282348633,0.022649288177490234,1
150,0.08038139343261719,0.03229379653930664,1
151,0.07559585571289062,0.05348539352416992,1
152,0.07386279106140137,0.035666704177856445,1
153,0.07944035530090332,0.021958589553833008,1
154,0.07300853729248047,0.029697895050048828,1
155,0.07560062408447266,0.038671255111694336,1
156,0.07377362251281738,0.03017592430114746,1
157,0.07157611846923828,0.020176410675048828,1
158,0.0727236270904541,0.012311697006225586,1
159,0.07053947448730469,0.021687984466552734,1
160,0.07329893112182617,0.027143001556396484,1
161,0.06894683837890625,0.029284000396728516,1
162,0.07086634635925293,0.026920795440673828,1
163,0.08357048034667969,0.022130250930786133,1
164,0.07263660430908203,0.02067708969116211,1
165,0.07144474983215332,0.02125382423400879,1
166,0.07277750968933105,0.02237105369567871,1
167,0.06895065307617188,0.019932270050048828,1
168,0.06956720352172852,0.03538227081298828,1
169,0.06836724281311035,0.012119293212890625,1
170,0.06866455078125,0.03091716766357422,2
171,0.07030344009399414,0.022064685821533203,1
172,0.07272768020629883,0.02866959571838379,1
173,0.07013988494873047,0.028116226196289062,1
174,0.08325052261352539,0.031973838806152344,1
175,0.0734853744506836,0.02019333839416504,1
176,0.07359671592712402,0.04801750183105469,2
177,0.07266974449157715,0.020962953567504883,1
178,0.06992506980895996,0.020915746688842773,1
179,0.07105708122253418,0.021762371063232422,1
180,0.07551860809326172,0.03891396522521973,1
181,0.07554078102111816,0.029668092727661133,1
182,0.07471418380737305,0.029831886291503906,1
183,0.07280707359313965,0.04107332229614258,2
184,0.0812845230102539,0.029505252838134766,1
185,0.07277846336364746,0.030971288681030273,1
186,0.0793752670288086,0.0232694149017334,1
187,0.07598328590393066,0.02906489372253418,1
188,0.0718390941619873,0.027629613876342773,1
189,0.08104586601257324,0.02336430549621582,1
190,0.07494378089904785,0.029139041900634766,1
191,0.0719151496887207,0.02051377296447754,1
192,0.07488751411437988,0.02664923667907715,1
193,0.0698857307434082,0.021882295608520508,1
194,0.08283710479736328,0.021184444427490234,1
195,0.0724794864654541,0.021012306213378906,1
196,0.07382488250732422,0.020735502243041992,1
197,0.07520651817321777,0.0293424129486084,1
198,0.07109785079956055,0.042543649673461914,1
199,0.08157992362976074,0.05421853065490723,3
200,0.09508967399597168,0.04043078422546387,1
201,0.0971670150756836,0.10157012939453125,2
202,0.11214232444763184,0.048915863037109375,1
203,0.10497736930847168,0.027785778045654297,1
204,0.10650014877319336,0.015729904174804688,1
205,0.10842084884643555,0.014836549758911133,1
206,0.11322188377380371,0.041918039321899414,1
207,0.11436605453491211,0.03790140151977539,1
208,0.10173225402832031,0.0356450080871582,1
209,0.10307168960571289,0.044358253479003906,1
210,0.11127233505249023,0.01689624786376953,1
211,0.10861349105834961,0.04500150680541992,1
212,0.10042834281921387,0.0373075008392334,1
213,0.0997476577758789,0.0366818904876709,1
214,0.10290861129760742,0.03837013244628906,1
215,0.1066901683807373,0.03875994682312012,1
216,0.1135404109954834,0.028293609619140625,1
217,0.11084532737731934,0.028442859649658203,1
218,0.10705304145812988,0.028548717498779297,1
219,0.10321044921875,0.02788519859313965,1
220,0.10546398162841797,0.03882575035095215,1
221,0.10518717765808105,0.04263448715209961,2
222,0.10437941551208496,0.037088871002197266,1
223,0.10537433624267578,0.03635525703430176,1
224,0.09948945045471191,0.048033952713012695,1
225,0.10338234901428223,0.05680036544799805,1
226,0.10042381286621094,0.02898120880126953,1
227,0.10512709617614746,0.051885366439819336,1
228,0.10471749305725098,0.01474761962890625,1
229,0.10191106796264648,0.02753615379333496,1
230,0.10350561141967773,0.03739118576049805,1
231,0.10486268997192383,0.037882089614868164,1
232,0.11428308486938477,0.029577255249023438,1
233,0.10602426528930664,0.027591705322265625,1
234,0.0977332592010498,0.026135683059692383,1
235,0.10576939582824707,0.05241537094116211,1
236,0.11025309562683105,0.04015183448791504,1
237,0.11191344261169434,0.031661272048950195,1
238,0.10296082496643066,0.02821040153503418,1
239,0.11667871475219727,0.059142351150512695,2
240,0.10633087158203125,0.03848671913146973,1
241,0.10527920722961426,0.03851628303527832,1
242,0.07757782936096191,0.021472454071044922,1
243,0.07738637924194336,0.013194084167480469,1
244,0.07223105430603027,0.05352902412414551,2
245,0.08027768135070801,0.02021622657775879,1
246,0.07399463653564453,0.02849745750427246,1
247,0.07405591011047363,0.02740192413330078,1
248,0.08256340026855469,0.08907151222229004,1
249,0.07222247123718262,0.030190706253051758,1
250,0.07200884819030762,0.028445720672607422,1
251,0.07350659370422363,0.04142403602600098,2
252,0.07089424133300781,0.02742624282836914,1
253,0.07119512557983398,0.012886524200439453,1
254,0.07481765747070312,0.022479772567749023,1
255,0.0735478401184082,0.020672082901000977,1
256,0.07043600082397461,0.02934575080871582,1
257,0.0729515552520752,0.028710603713989258,1
258,0.08533883094787598,0.2150871753692627,1
259,0.0769655704498291,0.021473407745361328,1
260,0.07623171806335449,0.038565874099731445,1
261,0.07480812072753906,0.07232213020324707,1
262,0.07514667510986328,0.03885769844055176,1
263,0.0715477466583252,0.02856731414794922,1
264,0.07282352447509766,0.029948711395263672,1
265,0.08902311325073242,0.03002762794494629,1
266,0.07425212860107422,0.027829885482788086,1
267,0.06938910484313965,0.020474910736083984,1
268,0.07156991958618164,0.021738290786743164,1
269,0.07277870178222656,0.02143096923828125,1
270,0.07323789596557617,0.022371530532836914,1
271,0.07353544235229492,0.028159379959106445,1
272,0.07430672645568848,0.031146764755249023,1
273,0.07999324798583984,0.023927927017211914,1
274,0.07461309432983398,0.012897968292236328,1
275,0.07199382781982422,0.05236196517944336,1
276,0.07492756843566895,0.012520313262939453,1
277,0.07312631607055664,0.03782820701599121,1
278,0.07682466506958008,0.03234720230102539,2
279,0.07367229461669922,0.02177286148071289,1
280,0.07649421691894531,0.02051854133605957,1
281,0.07565617561340332,0.04262733459472656,1
282,0.07468891143798828,0.02968001365661621,1
283,0.07242608070373535,0.03754234313964844,1
284,0.07661843299865723,0.01499032974243164,1
285,0.0796353816986084,0.014276981353759766,1
286,0.07174158096313477,0.02163386344909668,1
287,0.07435297966003418,0.012448310852050781,1
288,0.07379531860351562,0.01998424530029297,1
289,0.07292032241821289,0.022026777267456055,1
290,0.07421588897705078,0.021556615829467773,1
291,0.07427716255187988,0.029686927795410156,1
292,0.07653665542602539,0.03597617149353027,1
293,0.07315230369567871,0.020685195922851562,1
294,0.07130622863769531,0.0210113525390625,1
295,0.07442760467529297,0.02284526824951172,1
296,0.08307647705078125,0.02913975715637207,1
297,0.07463717460632324,0.022110700607299805,1
298,0.07702136039733887,0.02900838851928711,1
299,0.07207584381103516,0.020442724227905273,1
300,0.06996917724609375,0.02858901023864746,1
301,0.07139706611633301,0.011667728424072266,1
302,0.07239556312561035,0.029443979263305664,1
303,0.07248616218566895,0.021954059600830078,1
304,0.07568573951721191,0.021775007247924805,1
305,0.0737464427947998,0.02808666229248047,1
306,0.07585811614990234,0.02490830421447754,1
307,0.07527017593383789,0.026230335235595703,1
308,0.07323288917541504,0.023302316665649414,1
309,0.07263493537902832,0.02850484848022461,1
310,0.06973481178283691,0.012717008590698242,1
311,0.07003211975097656,0.020856380462646484,1
312,0.07321047782897949,0.013347387313842773,1
313,0.07158303260803223,0.03308820724487305,2
314,0.07333660125732422,0.02884387969970703,1
315,0.07364511489868164,0.030241966247558594,1
316,0.06874680519104004,0.028564929962158203,1
317,0.0821528434753418,0.396315336227417,4
318,0.07563114166259766,0.0230104923248291,1
319,0.07598280906677246,0.022438526153564453,1
320,0.0694725513458252,0.012723207473754883,1
321,0.0742497444152832,0.02942061424255371,1
322,0.07276558876037598,0.0300447940826416,1
323,0.07525396347045898,0.03571438789367676,1
324,0.07187438011169434,0.020250320434570312,1
325,0.07370567321777344,0.022844552993774414,1
326,0.07310318946838379,0.029970884323120117,1
327,0.0768744945526123,0.028825759887695312,1
328,0.09738492965698242,0.01311635971069336,1
329,0.07445621490478516,0.03145909309387207,1
330,0.07567906379699707,0.02224135398864746,1
331,0.07325506210327148,0.013120412826538086,1
332,0.07182860374450684,0.18766450881958008,2
333,0.11894917488098145,0.042661190032958984,1
334,0.11249947547912598,0.04003286361694336,1
335,0.10770225524902344,0.039923667907714844,1
336,0.10837435722351074,0.026882410049438477,1
337,0.10628867149353027,0.02709054946899414,1
338,0.10504651069641113,0.037007808685302734,1
339,0.1072537899017334,0.0328679084777832,1
340,0.1021120548248291,0.026006460189819336,1
341,0.10433173179626465,0.08332633972167969,4
342,0.10658693313598633,0.029145002365112305,1
343,0.1071314811706543,0.028982877731323242,1
344,0.10654950141906738,0.038161516189575195,1
345,0.10795354843139648,0.056197166442871094,1
346,0.10538077354431152,0.04332613945007324,1
347,0.10516786575317383,0.027776002883911133,1
348,0.10172891616821289,0.045513153076171875,1
349,0.10637354850769043,0.038342952728271484,1
350,0.1126406192779541,0.04974484443664551,1
351,0.10457062721252441,0.01672673225402832,1
352,0.10159850120544434,0.0753321647644043,1
353,0.10711908340454102,0.031144142150878906,1
354,0.10829901695251465,0.19731974601745605,1
355,0.10957622528076172,0.05197644233703613,1
356,0.103485107421875,0.0485842227935791,1
357,0.1043236255645752,0.03872871398925781,1
358,0.10671257972717285,0.0276336669921875,1
359,0.10967040061950684,0.19778871536254883,2
360,0.11313009262084961,0.04045438766479492,1
361,0.10701107978820801,0.015723705291748047,1
362,0.1065826416015625,0.028537988662719727,1
363,0.10816335678100586,0.027893543243408203,1
364,0.10395288467407227,0.04995393753051758,2
365,0.10274171829223633,0.0366208553314209,1
366,0.11732339859008789,0.037061214447021484,1
367,0.10785555839538574,0.04217410087585449,1
368,0.11814332008361816,0.040494680404663086,1
369,0.10236001014709473,0.040487051010131836,1
370,0.10816693305969238,0.01529836654663086,1
371,0.10667920112609863,0.031235456466674805,1
372,0.11118793487548828,0.05877518653869629,2
373,0.07092142105102539,0.03472137451171875,1
374,0.07226443290710449,0.027727365493774414,1
375,0.07177495956420898,0.02818894386291504,1
376,0.0719747543334961,0.03794074058532715,1
377,0.07621908187866211,0.02893996238708496,1
378,0.07157421112060547,0.028603076934814453,1
379,0.07288146018981934,0.03357267379760742,2
380,0.07443428039550781,0.030647993087768555,1
381,0.07172656059265137,0.027419090270996094,1
382,0.0716700553894043,0.03633260726928711,1
383,0.08586740493774414,0.0757594108581543,2
384,0.08206295967102051,0.031177759170532227,1
385,0.0747988224029541,0.012924671173095703,1
386,0.07395815849304199,0.054680585861206055,1
387,0.07214641571044922,0.028156042098999023,1
388,0.07053732872009277,0.035593271255493164,1
389,0.07297897338867188,0.022272586822509766,1
390,0.07246899604797363,0.05827069282531738,1
391,0.0768272876739502,0.02066636085510254,1
392,0.07773613929748535,0.023068666458129883,1
393,0.07337832450866699,0.0281064510345459,1
394,0.07688117027282715,0.023078203201293945,1
395,0.0753793716430664,0.06379985809326172,1
396,0.07033491134643555,0.027962923049926758,1
397,0.07085609436035156,0.019777536392211914,1
398,0.07071614265441895,0.028290748596191406,1
399,0.07163095474243164,0.09225606918334961,3
400,0.07473158836364746,0.028492212295532227,1
401,0.07289743423461914,0.043668508529663086,1
402,0.07659363746643066,0.0238344669342041,1
403,0.07138824462890625,0.022602319717407227,1
404,0.08328866958618164,0.03348374366760254,1
405,0.08174824714660645,0.06879043579101562,2
406,0.07459616661071777,0.020344257354736328,1
407,0.07286667823791504,0.032973527908325195,1
408,0.07446789741516113,0.023604869842529297,1
409,0.07818126678466797,0.012308359146118164,1
410,0.07293081283569336,0.021437883377075195,1
411,0.08512139320373535,0.013979434967041016,1
412,0.07370924949645996,0.012690544128417969,1
413,0.07036399841308594,0.01262211799621582,1
414,0.07161641120910645,0.030912160873413086,1
415,0.07734203338623047,0.02943110466003418,1
416,0.07239651679992676,0.028568506240844727,1
417,0.07268977165222168,0.028989553451538086,1
418,0.07458782196044922,0.021682262420654297,1
419,0.07124757766723633,0.01261281967163086,1
420,0.07668137550354004,0.03009653091430664,1
421,0.07372832298278809,0.028753042221069336,1
422,0.0858767032623291,0.030054807662963867,1
423,0.07323670387268066,0.020574092864990234,1
424,0.07294940948486328,0.023523330688476562,1
425,0.07278561592102051,0.021971702575683594,1
426,0.07146668434143066,0.028884410858154297,1
427,0.07280540466308594,0.05675363540649414,2
428,0.07403922080993652,0.034032583236694336,2
429,0.07438397407531738,0.02464747428894043,1
430,0.07371187210083008,0.0310056209564209,1
431,0.07379031181335449,0.03824424743652344,1
432,0.07389354705810547,0.012524843215942383,1
433,0.07010555267333984,0.022054433822631836,1
434,0.07574844360351562,0.045380353927612305,1
435,0.07713651657104492,0.08008122444152832,1
436,0.07450437545776367,0.030048847198486328,1
437,0.07081198692321777,0.021601200103759766,1
438,0.06950569152832031,0.012913942337036133,1
439,0.0726172924041748,0.049324750900268555,1
440,0.07216715812683105,0.021150588989257812,1
441,0.08482193946838379,0.03119492530822754,1
442,0.07187914848327637,0.02981853485107422,1
443,0.07189798355102539,0.029528379440307617,1
444,0.07408690452575684,0.030916929244995117,1
445,0.07551383972167969,0.022284984588623047,1
446,0.07250070571899414,0.029568910598754883,1
447,0.07369017601013184,0.0231320858001709,1
448,0.07386279106140137,0.022077560424804688,1
449,0.07703018188476562,0.030392169952392578,1
450,0.07297301292419434,0.029328346252441406,1
451,0.09954118728637695,0.02263808250427246,1
452,0.07003426551818848,0.02934575080871582,1
453,0.07232451438903809,0.13560867309570312,1
454,0.07239747047424316,0.021056175231933594,1
455,0.07084131240844727,0.012218713760375977,1
456,0.07018375396728516,0.02206587791442871,1
457,0.0739443302154541,0.04053616523742676,2
458,0.07025504112243652,0.02130866050720215,1
459,0.07136178016662598,0.028527259826660156,1
460,0.07683396339416504,0.035700321197509766,1
461,0.0775909423828125,0.03139686584472656,1
462,0.08169388771057129,0.022921085357666016,1
463,0.07536125183105469,0.02843761444091797,1
464,0.07539606094360352,0.03095388412475586,1
465,0.07821822166442871,0.02307748794555664,1
466,0.07666969299316406,0.03608512878417969,1
467,0.12425589561462402,0.02879190444946289,1
468,0.1098637580871582,0.027589082717895508,1
469,0.10966682434082031,0.04042816162109375,1
470,0.10426211357116699,0.03807520866394043,1
471,0.1066737174987793,0.029050350189208984,1
472,0.10784339904785156,0.04911994934082031,1
473,0.10370516777038574,0.027554988861083984,1
474,0.10477948188781738,0.014432907104492188,1
475,0.10160446166992188,0.02911376953125,1
476,0.1041116714477539,0.03042292594909668,1
477,0.1182405948638916,0.015865087509155273,1
478,0.10838818550109863,0.030898332595825195,1
479,0.11210060119628906,0.028609037399291992,1
480,0.10352706909179688,0.03781580924987793,1
481,0.10499906539916992,0.025354623794555664,1
482,0.10045313835144043,0.035675048828125,1
483,0.09883546829223633,0.03855180740356445,1
484,0.10720062255859375,0.05569291114807129,1
485,0.10680723190307617,0.028096437454223633,1
486,0.10168790817260742,0.15125274658203125,2
487,0.10599327087402344,0.041349172592163086,1
488,0.11208534240722656,0.03867006301879883,1
489,0.10881614685058594,0.029558420181274414,1
490,0.10111451148986816,0.014799833297729492,1
491,0.10468721389770508,0.034189462661743164,1
492,0.10146427154541016,0.03682851791381836,1
493,0.09664654731750488,0.0335538387298584,1
494,0.09860706329345703,0.025158166885375977,1
495,0.09773778915405273,0.05390810966491699,2
496,0.10019183158874512,0.01403665542602539,1
497,0.10073709487915039,0.017046213150024414,1
498,0.10663771629333496,0.0381011962890625,1
499,0.10423088073730469,0.03605771064758301,1
500,0.10482525825500488,0.04159736633300781,1
501,0.10248327255249023,0.03775477409362793,1
502,0.10028719902038574,0.025680065155029297,1
503,0.10188460350036621,0.01395869255065918,1
504,0.10574173927307129,0.04175567626953125,1
505,0.11037516593933105,0.13188958168029785,1
506,0.11217379570007324,0.03822064399719238,1
507,0.10770821571350098,0.029888629913330078,1
508,0.1671886444091797,0.03260660171508789,1
509,0.07237768173217773,0.020542144775390625,1
510,0.06956362724304199,0.38619351387023926,3
511,0.07764077186584473,0.027843475341796875,1
512,0.07141876220703125,0.049163103103637695,1
513,0.07174515724182129,0.021266698837280273,1
514,0.0723884105682373,0.029120445251464844,1
515,0.07574295997619629,0.02350020408630371,1
516,0.07070136070251465,0.07932209968566895,2
517,0.07455873489379883,0.028397083282470703,1
518,0.07375383377075195,0.030715227127075195,1
519,0.07182049751281738,0.01297140121459961,1
520,0.07241129875183105,0.016962051391601562,1
521,0.07423710823059082,0.012210607528686523,1
522,0.07419252395629883,0.037686824798583984,1
523,0.07055044174194336,0.02933335304260254,1
524,0.0742940902709961,0.02245926856994629,1
525,0.07750844955444336,0.02825927734375,1
526,0.07765078544616699,0.09621644020080566,1
527,0.07577276229858398,0.030138015747070312,1
528,0.07546234130859375,0.03836464881896973,1
529,0.07526063919067383,0.030039548873901367,1
530,0.08509683609008789,0.01279759407043457,1
531,0.07672619819641113,0.030664443969726562,1
532,0.07233476638793945,0.02231001853942871,1
533,0.0739750862121582,0.013132810592651367,1
534,0.07588052749633789,0.02932119369506836,1
535,0.06972455978393555,0.0301816463470459,1
536,0.07459855079650879,0.028875350952148438,1
537,0.07230353355407715,0.020933151245117188,1
538,0.07437467575073242,0.022317886352539062,1
539,0.07280731201171875,0.03692197799682617,1
540,0.0828704833984375,0.03693675994873047,1
541,0.07641220092773438,0.030878305435180664,1
542,0.0735635757446289,0.0298004150390625,1
543,0.07691287994384766,0.021456003189086914,1
544,0.07350897789001465,0.0309293270111084,1
545,0.07452058792114258,0.021962642669677734,1
546,0.07476377487182617,0.022092342376708984,1
547,0.0704336166381836,0.027306079864501953,1
548,0.07200741767883301,0.15046048164367676,1
549,0.07904767990112305,0.02929854393005371,1
550,0.07406163215637207,0.02110147476196289,1
551,0.0723717212677002,0.020526409149169922,1
552,0.07681441307067871,0.021432876586914062,1
553,0.07476186752319336,0.036477088928222656,1
554,0.07364869117736816,0.03982257843017578,2
555,0.07009148597717285,0.03815817832946777,2
556,0.07248187065124512,0.02927255630493164,1
557,0.07311034202575684,0.029046058654785156,1
558,0.07035589218139648,0.037224769592285156,1
559,0.07903027534484863,0.02129387855529785,1
560,0.07316708564758301,0.02891087532043457,1
561,0.07250690460205078,0.031612396240234375,2
562,0.06925702095031738,0.030726194381713867,1
563,0.07101821899414062,0.029551267623901367,1
564,0.07346177101135254,0.0428164005279541,1
565,0.07200288772583008,0.011640071868896484,1
566,0.07143664360046387,0.021281957626342773,1
567,0.07363414764404297,0.02060222625732422,1
568,0.0721890926361084,0.012261152267456055,1
569,0.08120942115783691,0.028839588165283203,1
570,0.07219958305358887,0.11991286277770996,2
571,0.07200956344604492,0.0347902774810791,1
572,0.07441473007202148,0.029859066009521484,1
573,0.07868242263793945,0.05181598663330078,2
574,0.07317066192626953,0.03042745590209961,1
575,0.07343459129333496,0.02844834327697754,1
576,0.07410430908203125,0.03424549102783203,3
577,0.07117724418640137,0.012179374694824219,1
578,0.07894587516784668,0.03714132308959961,1
579,0.07357668876647949,0.030971050262451172,1
580,0.07384395599365234,0.02193903923034668,1
581,0.07595562934875488,0.02824878692626953,1
582,0.07253146171569824,0.0286405086517334,1
583,0.07674551010131836,0.021137475967407227,1
584,0.07362055778503418,0.03261089324951172,1
585,0.07353401184082031,0.029974937438964844,1
586,0.0727381706237793,0.029727458953857422,1
587,0.07223629951477051,0.020943880081176758,1
588,0.08336925506591797,0.03625035285949707,2
589,0.07359528541564941,0.028962135314941406,1
590,0.0747380256652832,0.029982805252075195,1
591,0.07647323608398438,0.03195357322692871,1
592,0.08219695091247559,0.02247023582458496,1
593,0.0773153305053711,0.029442787170410156,1
594,0.07514452934265137,0.02351856231689453,2
595,0.0735623836517334,0.020677804946899414,1
596,0.07594990730285645,0.02251744270324707,1
597,0.07548141479492188,0.02218008041381836,1
598,0.08249711990356445,0.04069161415100098,2
599,0.08825874328613281,0.034963130950927734,1
600,0.12512660026550293,0.016889572143554688,1
601,0.10961198806762695,0.1708831787109375,1
602,0.10461139678955078,0.04785275459289551,1
603,0.10409069061279297,0.13482999801635742,1
604,0.11251521110534668,0.026213645935058594,1
605,0.09998416900634766,0.03566455841064453,1
606,0.09679746627807617,0.03550148010253906,1
607,0.10361528396606445,0.0283200740814209,1
608,0.10315418243408203,0.038671016693115234,1
609,0.10463380813598633,0.028975248336791992,1
610,0.10492968559265137,0.06215476989746094,2
611,0.10705828666687012,0.037554264068603516,1
612,0.10219597816467285,0.05827927589416504,1
613,0.09770035743713379,0.03532719612121582,1
614,0.09836697578430176,0.05035734176635742,1
615,0.10300397872924805,0.04013633728027344,1
616,0.10148835182189941,0.0273895263671875,1
617,0.11027121543884277,0.04176759719848633,1
618,0.10570931434631348,0.05362987518310547,1
619,0.11012101173400879,0.041436195373535156,1
620,0.10724711418151855,0.02729344367980957,1
621,0.1063694953918457,0.038507938385009766,1
622,0.10405945777893066,0.037387847900390625,1
623,0.10508251190185547,0.026851654052734375,1
624,0.10645818710327148,0.03583502769470215,1
625,0.1026601791381836,0.21779155731201172,1
626,0.10788440704345703,0.015258312225341797,1
627,0.09993529319763184,0.0390017032623291,1
628,0.1080937385559082,0.01619696617126465,1
629,0.10686206817626953,0.03802132606506348,1
630,0.1021573543548584,0.0270535945892334,1
631,0.10355496406555176,0.0371859073638916,1
632,0.10270929336547852,0.03539252281188965,1
633,0.1011972427368164,0.0282285213470459,1
634,0.10782432556152344,0.015518665313720703,1
635,0.10306644439697266,0.039691925048828125,1
636,0.10808539390563965,0.015543222427368164,1
637,0.10286784172058105,0.015087604522705078,1
638,0.10787558555603027,0.04313230514526367,1
639,0.08525562286376953,0.022300004959106445,1
640,0.0771017074584961,0.03833818435668945,1
641,0.07811307907104492,0.022522926330566406,1
642,0.07489418983459473,0.021158456802368164,1
643,0.07247042655944824,0.029065370559692383,1
644,0.0737910270690918,0.05914878845214844,2
645,0.07537221908569336,0.028169870376586914,1
646,0.07256770133972168,0.03606748580932617,1
647,0.0722808837890625,0.03555893898010254,1
648,0.07232356071472168,0.021715641021728516,1
649,0.07234358787536621,0.028257131576538086,1
650,0.08615541458129883,0.030827045440673828,1
651,0.07413172721862793,0.030103206634521484,1
652,0.07234311103820801,0.029385805130004883,1
653,0.07350301742553711,0.028261661529541016,1
654,0.07456588745117188,0.02120661735534668,1
655,0.07408738136291504,0.028168916702270508,1
656,0.07247090339660645,0.01204538345336914,1
657,0.07315802574157715,0.013339757919311523,1
658,0.0740044116973877,0.028604507446289062,1
659,0.0750432014465332,0.08937215805053711,4
660,0.08312869071960449,0.028339385986328125,1
661,0.07337832450866699,0.02900552749633789,1
662,0.07357621192932129,0.021381855010986328,1
663,0.07443356513977051,0.021754741668701172,1
664,0.07307744026184082,0.028033733367919922,1
665,0.07108592987060547,0.02004098892211914,1
666,0.07477688789367676,0.022409439086914062,1
667,0.07218647003173828,0.012229681015014648,1
668,0.07015132904052734,0.021983623504638672,1
669,0.07205820083618164,0.02248549461364746,1
670,0.07052397727966309,0.03777933120727539,1
671,0.0780496597290039,0.023949384689331055,1
672,0.07226204872131348,0.12239313125610352,2
673,0.07421326637268066,0.012334108352661133,1
674,0.06909608840942383,0.019427776336669922,1
675,0.06868410110473633,0.03223371505737305,1
676,0.07116436958312988,0.028174400329589844,1
677,0.06876182556152344,0.04218029975891113,1
678,0.07048368453979492,0.03554892539978027,1
679,0.06946086883544922,0.020882368087768555,1
680,0.08012580871582031,0.023113012313842773,1
681,0.06875038146972656,0.011591196060180664,1
682,0.06980156898498535,0.027738571166992188,1
683,0.0739901065826416,0.029207706451416016,1
684,0.07234930992126465,0.012401342391967773,1
685,0.07123398780822754,0.02207159996032715,1
686,0.07587909698486328,0.0236663818359375,1
687,0.08025836944580078,0.02153921127319336,1
688,0.07304692268371582,0.028607845306396484,1
689,0.0735025405883789,0.02844524383544922,1
690,0.08072066307067871,0.1152799129486084,1
691,0.07554459571838379,0.029085874557495117,1
692,0.07354927062988281,0.03702592849731445,1
693,0.07298684120178223,0.020913362503051758,1
694,0.07229256629943848,0.0281221866607666,1
695,0.07705974578857422,0.028490543365478516,1
696,0.07461118698120117,0.14145541191101074,1
697,0.07732510566711426,0.021650075912475586,1
698,0.07716679573059082,0.029829978942871094,1
699,0.07451200485229492,0.021881818771362305,1
700,0.07306146621704102,0.029545068740844727,1
701,0.0718231201171875,0.035798072814941406,1
702,0.07263755798339844,0.011858463287353516,1
703,0.0727393627166748,0.02290654182434082,1
704,0.07453608512878418,0.030596494674682617,1
705,0.06955599784851074,0.021149635314941406,1
706,0.07349848747253418,0.028062820434570312,1
707,0.06920242309570312,0.028363466262817383,1
708,0.07169175148010254,0.028338193893432617,1
709,0.08491349220275879,0.021157026290893555,1
710,0.07439470291137695,0.00021505355834960938,0
711,0.07846903800964355,0.021986961364746094,1
712,0.07685565948486328,0.060606956481933594,1
713,0.11088848114013672,0.041338443756103516,1
714,0.07612872123718262,0.032350778579711914,1
715,0.07562613487243652,0.022511720657348633,1
716,0.07554459571838379,0.025639057159423828,2
717,0.07767963409423828,0.021145343780517578,1
718,0.09273433685302734,0.029567718505859375,1
719,0.07340431213378906,0.16946172714233398,5
720,0.07285451889038086,0.03171062469482422,1
721,0.0735626220703125,0.020862340927124023,1
722,0.07378172874450684,0.01682567596435547,1
723,0.07148957252502441,0.15093231201171875,1
724,0.0754697322845459,0.012790203094482422,1
725,0.07453727722167969,0.03744673728942871,1
726,0.0835714340209961,0.022862672805786133,1
727,0.07254266738891602,0.02115488052368164,1
728,0.07189631462097168,0.012414693832397461,1
729,0.07178092002868652,0.0208282470703125,1
730,0.06897878646850586,0.020653247833251953,1
731,0.07248687744140625,0.028890609741210938,1
732,0.09649395942687988,0.03146553039550781,1
733,0.09987020492553711,0.05833125114440918,2
734,0.10696792602539062,0.029503345489501953,1
735,0.10777020454406738,0.027538537979125977,1
736,0.1033773422241211,0.038800954818725586,1
737,0.10169649124145508,0.1033165454864502,1
738,0.0989084243774414,0.025305747985839844,1
739,0.0996551513671875,0.026549100875854492,1
740,0.10155296325683594,0.03649592399597168,1
741,0.10370254516601562,0.02883172035217285,1
742,0.10451292991638184,0.042374372482299805,1
743,0.10721945762634277,0.02652263641357422,1
744,0.09879636764526367,0.0264742374420166,1
745,0.10319924354553223,0.03952383995056152,1
746,0.10073661804199219,0.03592061996459961,1
747,0.1035451889038086,0.03581357002258301,1
748,0.1039278507232666,0.03191566467285156,1
749,0.10581254959106445,0.03709673881530762,1
750,0.10967516899108887,0.014875173568725586,1
751,0.10383415222167969,0.04542112350463867,1
752,0.10523200035095215,0.0342402458190918,1
753,0.09906959533691406,0.03545260429382324,1
754,0.10069727897644043,0.01472330093383789,1
755,0.10638308525085449,0.027004003524780273,1
756,0.10846161842346191,0.05787038803100586,1
757,0.10089683532714844,0.024511098861694336,1
758,0.10489416122436523,0.02661919593811035,1
759,0.10207366943359375,0.03650069236755371,1
760,0.10552620887756348,0.1612997055053711,1
761,0.10578250885009766,0.028528451919555664,1
762,0.1113901138305664,0.03845095634460449,1
763,0.10520148277282715,0.02955913543701172,1
764,0.10734868049621582,0.041440486907958984,1
765,0.10227465629577637,0.017330169677734375,1
766,0.09577679634094238,0.026510000228881836,1
767,0.0951533317565918,0.024818897247314453,1
768,0.09551310539245605,0.024955272674560547,1
769,0.09658956527709961,0.03785347938537598,1
770,0.11399245262145996,0.02809429168701172,1
771,0.09713172912597656,0.03948521614074707,1
772,0.11028003692626953,0.016256093978881836,1
773,0.10455703735351562,0.038231611251831055,1
774,0.10534477233886719,0.049239397048950195,1
775,0.07342147827148438,0.02250957489013672,1
776,0.07485103607177734,0.05154776573181152,2
777,0.07346153259277344,0.17003512382507324,1
778,0.07386898994445801,0.11382770538330078,1
779,0.07933902740478516,0.025155067443847656,1
780,0.06993556022644043,0.0209658145904541,1
781,0.07381176948547363,0.02770376205444336,1
782,0.07289576530456543,0.022142887115478516,1
783,0.07411932945251465,0.028486013412475586,1
784,0.07111406326293945,0.028696775436401367,1
785,0.07634425163269043,0.030768156051635742,1
786,0.07649707794189453,0.0222930908203125,1
787,0.07546234130859375,0.022300004959106445,1
788,0.0706474781036377,0.050447940826416016,3
789,0.07140159606933594,0.03684258460998535,1
790,0.07288908958435059,0.03008246421813965,1
791,0.07325363159179688,0.027906179428100586,1
792,0.07300925254821777,0.031241893768310547,1
793,0.06936359405517578,0.02156686782836914,1
794,0.0702366828918457,0.022544145584106445,1
795,0.07484292984008789,0.15224742889404297,1
796,0.0740196704864502,0.03060603141784668,1
797,0.07501029968261719,0.01319122314453125,1
798,0.06914687156677246,0.03521990776062012,1
799,0.0703878402709961,0.03615260124206543,1
800,0.06938695907592773,0.03131246566772461,2
801,0.07012701034545898,0.01346731185913086,1
802,0.07103466987609863,0.012408733367919922,1
803,0.07129573822021484,0.012529373168945312,1
804,0.07388544082641602,0.037751197814941406,1
805,0.07552504539489746,0.021574974060058594,1
806,0.07283329963684082,0.02739238739013672,1
807,0.0719306468963623,0.023430585861206055,2
808,0.07288908958435059,0.028441905975341797,1
809,0.07971882820129395,0.03618049621582031,1
810,0.08245253562927246,0.03802824020385742,1
811,0.07470250129699707,0.028869152069091797,1
812,0.07283282279968262,0.029916048049926758,1
813,0.0712745189666748,0.01304936408996582,1
814,0.07348918914794922,0.029930591583251953,1
815,0.0715031623840332,0.02356863021850586,2
816,0.07148218154907227,0.012221336364746094,1
817,0.07258439064025879,0.022559642791748047,1
818,0.07447624206542969,0.02930140495300293,1
819,0.08521652221679688,0.012951135635375977,1
820,0.07559704780578613,0.02152872085571289,1
821,0.07211041450500488,0.02069234848022461,1
822,0.07234358787536621,0.011878252029418945,1
823,0.0719139575958252,0.03901171684265137,1
824,0.07901358604431152,0.00022840499877929688,0
825,0.07624197006225586,0.022375106811523438,1
826,0.09690260887145996,0.03038501739501953,1
827,0.07445740699768066,0.022820472717285156,1
828,0.07450675964355469,0.021244287490844727,1
829,0.0723869800567627,0.023163318634033203,1
830,0.07951974868774414,0.03206896781921387,1
831,0.0767214298248291,0.0223081111907959,1
832,0.07267093658447266,0.022104978561401367,1
833,0.07174515724182129,0.02690410614013672,1
834,0.07222604751586914,0.03214311599731445,2
835,0.07516098022460938,0.028988361358642578,1
836,0.07468152046203613,0.020925521850585938,1
837,0.07183623313903809,0.037045955657958984,1
838,0.07470822334289551,0.020902156829833984,1
839,0.07464003562927246,0.022370338439941406,1
840,0.08433818817138672,0.022526025772094727,1
841,0.07783937454223633,0.02229905128479004,1
842,0.07712125778198242,0.10610818862915039,1
843,0.07914376258850098,0.022222280502319336,1
844,0.07260799407958984,0.021502256393432617,1
845,0.0759577751159668,0.012329578399658203,1
846,0.07286381721496582,0.020867347717285156,1
847,0.07066655158996582,0.02175283432006836,1
848,0.07108902931213379,0.028845548629760742,1
849,0.07516789436340332,0.02212977409362793,1
850,0.07512807846069336,0.09185290336608887,1
851,0.0747830867767334,0.028371810913085938,1
852,0.07644009590148926,0.03803658485412598,1
853,0.07406020164489746,0.04847073554992676,1
854,0.07349729537963867,0.03862595558166504,1
855,0.07454848289489746,0.020888566970825195,1
856,0.07364654541015625,0.02237415313720703,1
857,0.07121658325195312,0.035997867584228516,1
858,0.06909370422363281,0.03598809242248535,1
859,0.06969046592712402,0.021115779876708984,1
860,0.07460618019104004,0.031070709228515625,1
861,0.07571220397949219,0.026886701583862305,1
862,0.07384014129638672,0.030207157135009766,1
863,0.07359194755554199,0.03727602958679199,1
864,0.07104611396789551,0.030082225799560547,1
865,0.07405781745910645,0.028354644775390625,1
866,0.07486677169799805,0.020346879959106445,1
867,0.0704350471496582,0.029928922653198242,1
868,0.08018922805786133,0.03606700897216797,1
869,0.10895061492919922,0.12874722480773926,2
870,0.10542464256286621,0.042803287506103516,1
871,0.11089754104614258,0.026559114456176758,1
872,0.10242581367492676,0.027759552001953125,1
873,0.10603618621826172,0.028980493545532227,1
874,0.10541939735412598,0.026300907135009766,1
875,0.12667059898376465,0.04255557060241699,1
876,0.10226631164550781,0.047611236572265625,1
877,0.11016130447387695,0.05259585380554199,1
878,0.11301660537719727,0.014987945556640625,1
879,0.10604500770568848,0.037822723388671875,1
880,0.10488176345825195,0.015241622924804688,1
881,0.10874748229980469,0.029622793197631836,1
882,0.10689592361450195,0.06445503234863281,1
883,0.11093592643737793,0.03770947456359863,1
884,0.10268330574035645,0.0191652774810791,1
885,0.10582613945007324,0.040807485580444336,1
886,0.10764455795288086,0.041770219802856445,1
887,0.10615134239196777,0.041352272033691406,3
888,0.10001945495605469,0.026024341583251953,1
889,0.10326933860778809,0.034567832946777344,1
890,0.10500407218933105,0.04777646064758301,1
891,0.10259079933166504,0.03583121299743652,1
892,0.10282540321350098,0.03795051574707031,1
893,0.10388016700744629,0.040162086486816406,1
894,0.09793329238891602,0.014365911483764648,1
895,0.09952759742736816,0.026807308197021484,1
896,0.10849738121032715,0.03898906707763672,1
897,0.1091759204864502,0.042183637619018555,1
898,0.11954450607299805,0.01418614387512207,1
899,0.10618090629577637,0.03798413276672363,1
900,0.11880278587341309,0.029814958572387695,1
901,0.11131691932678223,0.02858448028564453,1
902,0.10590481758117676,0.022075176239013672,1
903,0.10063290596008301,0.06908607482910156,2
904,0.1063697338104248,0.029738903045654297,1
905,0.11026406288146973,0.046198368072509766,1
906,0.11740970611572266,0.039704322814941406,1
907,0.11133337020874023,0.029059171676635742,1
908,0.11083173751831055,0.03081488609313965,1
909,0.10751843452453613,0.028431177139282227,1
910,0.10446453094482422,0.03678750991821289,1
911,0.07698559761047363,0.023235321044921875,1
912,0.07710456848144531,0.013163089752197266,1
913,0.08103609085083008,0.017487287521362305,1
914,0.07326149940490723,0.041191816329956055,2
915,0.07429933547973633,0.028873920440673828,1
916,0.07395625114440918,0.028858184814453125,1
917,0.07290911674499512,0.027625560760498047,1
918,0.07145285606384277,0.020948171615600586,1
919,0.07221674919128418,0.030913829803466797,1
920,0.07449030876159668,0.021349668502807617,1
921,0.07491230964660645,0.04356193542480469,2
922,0.07254838943481445,0.03319692611694336,2
923,0.09032368659973145,0.02949976921081543,1
924,0.07505345344543457,0.1380927562713623,4
925,0.07523727416992188,0.021800756454467773,1
926,0.0732574462890625,0.028644323348999023,1
927,0.0737917423248291,0.011966705322265625,1
928,0.071197509765625,0.012515068054199219,1
929,0.07241201400756836,0.023109912872314453,1
930,0.07460880279541016,0.03762316703796387,1
931,0.07136988639831543,0.020978450775146484,1
932,0.0746464729309082,0.03774666786193848,1
933,0.07144975662231445,0.02116107940673828,1
934,0.07654166221618652,0.17518115043640137,1
935,0.07161211967468262,0.02934098243713379,1
936,0.06931447982788086,0.027689218521118164,1
937,0.07276368141174316,0.05091547966003418,2
938,0.07236671447753906,0.028268098831176758,1
939,0.07137727737426758,0.02792811393737793,1
940,0.07189273834228516,0.012161493301391602,1
941,0.08387112617492676,0.022640466690063477,1
942,0.07448649406433105,0.047838687896728516,1
943,0.07323431968688965,0.021680116653442383,1
944,0.07466983795166016,0.03585171699523926,1
945,0.07596516609191895,0.029523134231567383,1
946,0.07115888595581055,0.019956350326538086,1
947,0.07289433479309082,0.020667552947998047,1
948,0.06920576095581055,0.021327733993530273,1
949,0.07242918014526367,0.027597904205322266,1
950,0.06975722312927246,0.03005051612854004,1
951,0.08066153526306152,0.0286409854888916,1
952,0.07429838180541992,0.03103017807006836,1
953,0.07482123374938965,0.029509544372558594,1
954,0.07113456726074219,0.03549504280090332,1
955,0.06949019432067871,0.02731943130493164,1
956,0.07084155082702637,0.02153611183166504,1
957,0.07182121276855469,0.02751922607421875,1
958,0.07155299186706543,0.027600526809692383,1
959,0.06986165046691895,0.028647899627685547,1
960,0.07406139373779297,0.030200481414794922,1
961,0.08156561851501465,0.03074502944946289,1
962,0.07801222801208496,0.028316974639892578,1
963,0.07365703582763672,0.02076268196105957,1
964,0.07320713996887207,0.03362107276916504,2
965,0.07115769386291504,0.02939915657043457,1
966,0.07693934440612793,0.02973794937133789,1
967,0.0734102725982666,0.022329092025756836,1
968,0.07065033912658691,0.02237677574157715,1
969,0.07471561431884766,0.0329587459564209,1
970,0.08468246459960938,0.03218793869018555,1
971,0.08791303634643555,0.02390003204345703,1
972,0.07533097267150879,0.02990126609802246,1
973,0.07313728332519531,0.03789782524108887,1
974,0.0730288028717041,0.05439281463623047,1
975,0.0728001594543457,0.0390620231628418,1
976,0.0722649097442627,0.11446428298950195,1
977,0.0737602710723877,0.029456615447998047,1
978,0.07434678077697754,0.028446674346923828,1
979,0.07025003433227539,0.0693049430847168,1
980,0.07462215423583984,0.0001850128173828125,0
981,0.07073116302490234,0.028450489044189453,1
982,0.07198667526245117,0.0210416316986084,1
983,0.07150936126708984,0.028249263763427734,1
984,0.07201576232910156,0.02790355682373047,1
985,0.0716543197631836,0.02002239227294922,1
986,0.07222485542297363,0.021776914596557617,1
987,0.07216811180114746,0.02773261070251465,1
988,0.0736083984375,0.03596973419189453,1
989,0.0734858512878418,0.0991356372833252,2
990,0.07446670532226562,0.020266294479370117,1
991,0.07657718658447266,0.021306276321411133,1
992,0.07259440422058105,0.0290069580078125,1
993,0.07352924346923828,0.020668983459472656,1
994,0.07114672660827637,0.019852399826049805,1
995,0.07156062126159668,0.02840566635131836,1
996,0.07362771034240723,0.012668848037719727,1
997,0.07435369491577148,0.023251056671142578,1
998,0.07545590400695801,0.05037426948547363,1
999,0.07039642333984375,0.03722715377807617,1
1000,0.07480478286743164,0.029319286346435547,1
1001,0.07182860374450684,0.027657747268676758,1
1002,0.06994056701660156,0.02781367301940918,1
1003,0.0702970027923584,0.012558937072753906,1
1004,0.07258057594299316,0.031432151794433594,1
1005,0.10902214050292969,0.038027286529541016,1
1006,0.1020503044128418,0.03948473930358887,1
1007,0.11864256858825684,0.03837275505065918,1
1008,0.11588239669799805,0.1297624111175537,1
1009,0.1050567626953125,0.04051375389099121,1
1010,0.10416531562805176,0.03658938407897949,1
1011,0.09973335266113281,0.0470583438873291,1
1012,0.10159873962402344,0.028187990188598633,1
1013,0.10708403587341309,0.038198232650756836,1
1014,0.10511660575866699,0.02849888801574707,1
1015,0.10903406143188477,0.016152143478393555,1
1016,0.10539746284484863,0.038896799087524414,1
1017,0.10379481315612793,0.0485842227935791,1
1018,0.20418858528137207,0.050405025482177734,1
